Score,Score Rank,Percentile,Percentile Rank
2.7933,1,99.79,1
2.549,2,99.4,2
2.223,4,98.62,3
2.3064,3,97.12,4
1.6052,6,96.98,5
1.8989,5,96.18,6
0.2669,34,94.95,7
0.1752,41,94.77,8
0.5022,25,92.94,9
0.9324,13,92.37,10
0.4416,28,91.85,11
0.1499,43,91.69,12
1.3035,8,90.97,13
0.4647,26,90.84,14
1.213,9,90.81,15
0.3297,31,90.65,16
0.8561,17,89.82,17
0.7376,20,89.69,18
0.9189,14,89.41,19
0.1938,40,89.16,20
0.3573,30,88.92,21
-0.5442,61,88.51,22
0.1273,44,87.99,23
-0.62,69,86.8,24
-0.2326,50,86.17,25
0.2264,37,84.83,26
-0.4371,59,83.57,27
0.3785,29,83.43,28
0.232,35,83.01,29
-0.342,57,82.77,30
0.1635,42,82.61,31
0.2932,32,82.09,32
1.0249,11,81.57,33
-0.8744,86,81.51,34
-0.2719,52,80.97,35
-0.0065,48,80.88,36
-0.6266,71,80.83,37
-0.6658,74,80.67,38
-0.8225,83,80.12,39
-0.2389,51,78.91,40
0.5031,24,78.12,41
-0.5559,63,77.78,42
-0.566,66,77.31,43
-0.9097,87,77.31,43
-0.6389,73,75.01,45
-2.3966,158,74.81,46
-0.7117,76,74.63,47
0.8725,16,73.38,48
1.0919,10,73.16,49
-1.275,94,73.1,50
-0.7178,77,72.74,51
0.817,18,72.68,52
0.4641,27,72.54,53
-1.1315,92,72.27,54
-1.9417,136,71.83,55
-1.5105,110,71.68,56
1.4428,7,71.4,57
-0.2728,53,71.38,58
-0.3318,56,71.14,59
0.6849,21,70.89,60
0.0899,46,70.71,61
0.5312,23,70.54,62
0.9607,12,70.44,63
-1.9962,140,70.35,64
-1.4707,105,70.14,65
0.5943,22,69.99,66
-1.9932,139,69.85,67
-1.869,131,69.8,68
-0.5945,68,69.78,69
0.8941,15,69.61,70
-2.0524,142,69.56,71
-1.6003,115,69.52,72
-1.445,103,69.51,73
0.797,19,69.48,74
-0.8214,82,68.74,75
-0.7618,80,68.42,76
-2.8983,190,67.7,77
0.0855,47,67.67,78
0.2001,39,67.5,79
-0.5534,62,67.13,80
0.2222,38,66.38,81
-0.4181,58,66.29,82
-0.7585,79,66.0,83
-0.9791,90,65.8,84
-0.7093,75,65.7,85
-1.3026,95,65.63,86
-1.6088,116,65.62,87
-2.4686,160,65.41,88
-0.3028,54,65.33,89
-2.1062,146,65.31,90
0.2288,36,65.14,91
-0.3276,55,65.07,92
-1.526,111,64.98,93
-1.6616,122,64.5,94
-1.9278,134,64.37,95
-1.387,99,64.15,96
-2.2193,150,62.83,97
-1.8519,130,62.45,98
-0.0513,49,62.05,99
-2.8649,187,61.87,100
-1.4215,101,61.55,101
-3.9525,240,61.4,102
-0.8119,81,61.13,103
-0.7499,78,60.84,104
-1.434,102,60.82,105
-1.5333,113,60.81,106
-1.3262,97,60.79,107
-2.4787,161,60.58,108
-1.6424,118,60.57,109
-1.6258,117,60.42,110
-3.3838,216,60.15,111
-1.4137,100,60.07,112
-2.218,149,59.51,113
-2.7183,178,59.5,114
-1.3095,96,59.36,115
-1.9765,138,59.31,116
-0.965,89,59.29,117
-3.6377,226,59.24,118
-2.6993,175,59.16,119
-1.828,128,58.98,120
-0.5645,65,58.17,121
-2.0236,141,58.15,122
-3.0686,200,57.42,123
-0.6327,72,56.94,124
-1.6554,121,56.93,125
-2.862,186,56.8,126
-3.1495,204,56.78,127
-2.6685,172,56.64,128
-1.4937,108,56.21,129
-2.3823,157,55.91,130
-4.4822,265,55.3,131
-2.5532,165,55.29,132
-1.1989,93,55.29,132
-2.0855,144,54.82,134
-0.5837,67,54.66,135
-0.8308,84,54.58,136
-2.5613,166,54.4,137
-3.0672,199,54.27,138
-1.7136,123,53.83,139
-0.6218,70,53.79,140
-3.3758,213,53.35,141
-2.5056,164,53.25,142
-1.9153,133,53.0,143
-3.9311,238,52.8,144
-3.6915,227,52.77,145
-1.5049,109,52.22,146
0.1255,45,51.08,147
-2.1117,147,51.03,148
-1.7706,126,50.65,149
-3.7655,232,50.6,150
-1.3371,98,49.97,151
-2.2664,152,49.96,152
-3.2093,206,49.77,153
0.2794,33,49.74,154
-0.9195,88,49.06,155
-2.6615,171,48.86,156
-1.8279,127,48.75,157
-3.3799,214,48.73,158
-2.0917,145,48.66,159
-1.7404,124,48.54,160
-2.4059,159,48.37,161
-2.5023,163,47.79,162
-2.2939,155,47.64,163
-1.4671,104,47.5,164
-2.9065,191,47.45,165
-2.57,168,47.41,166
-1.9709,137,47.21,167
-3.4949,219,47.11,168
-4.8815,278,47.09,169
-3.6956,228,47.04,170
-0.8318,85,46.96,171
-2.7497,181,46.96,171
-1.7642,125,46.79,173
-2.7078,177,46.74,174
-3.4729,218,46.38,175
-4.5708,266,46.35,176
-4.1287,249,46.03,177
-3.0534,198,45.96,178
-2.945,194,45.88,179
-2.2768,153,45.76,180
-0.5022,60,45.6,181
-3.0009,197,45.58,182
-2.8847,189,45.41,183
-4.4489,262,45.06,184
-1.4832,107,44.98,185
-2.213,148,44.95,186
-2.9313,192,44.88,187
-4.1828,253,44.62,188
-2.6986,174,44.58,189
-0.561,64,44.47,190
-2.6829,173,44.43,191
-3.9114,236,44.33,192
-4.2926,255,44.0,193
-1.5283,112,43.73,194
-3.0793,201,42.7,195
-3.7457,230,42.31,196
-2.5789,169,42.16,197
-1.5934,114,42.13,198
-3.8072,235,42.08,199
-2.4864,162,41.61,200
-2.2509,151,41.57,201
-4.6698,273,41.29,202
-2.3328,156,40.44,203
-3.2557,207,39.96,204
-1.4804,106,39.95,205
-4.1679,250,39.79,206
-5.172,287,39.73,207
-4.2969,256,39.31,208
-4.7531,276,39.12,209
-6.3273,302,38.76,210
-3.7896,234,38.52,211
-1.1189,91,38.52,211
-4.9534,280,38.48,213
-4.0942,246,38.48,213
-2.7838,183,38.21,215
-3.3548,211,37.82,216
-3.5371,221,37.8,217
-4.1898,254,37.52,218
-4.9237,279,37.28,219
-3.9488,239,36.82,220
-3.9999,241,36.61,221
-3.5743,222,36.46,222
-3.6158,225,36.3,223
-4.3848,259,36.22,224
-1.9281,135,36.03,225
-1.6515,119,35.44,226
-2.8843,188,35.3,227
-5.4656,292,34.75,228
-3.1881,205,34.56,229
-4.0132,243,34.56,229
-3.2713,209,34.19,231
-3.7738,233,34.01,232
-2.0843,143,33.97,233
-2.7696,182,33.89,234
-5.0381,283,33.63,235
-4.7043,274,33.62,236
-5.2695,288,33.49,237
-3.754,231,33.4,238
-6.9746,307,33.35,239
-4.0586,245,33.25,240
-4.1762,252,33.12,241
-4.462,263,33.0,242
-4.471,264,32.45,243
-2.9773,196,32.29,244
-4.61,269,31.73,245
-4.6584,272,31.53,246
-4.1713,251,30.19,247
-2.9524,195,29.43,248
-2.6998,176,29.36,249
-2.7929,185,29.35,250
-4.5981,268,29.3,251
-4.2972,257,29.29,252
-5.6714,294,28.83,253
-3.1287,203,28.23,254
-2.5636,167,27.28,255
-1.6542,120,27.09,256
-2.7287,180,27.03,257
-2.6367,170,26.79,258
-4.8227,277,26.58,259
-3.7305,229,26.27,260
-3.5245,220,26.25,261
-2.7902,184,26.25,261
-3.4067,217,25.79,263
-3.5763,223,25.45,264
-3.3818,215,25.35,265
-3.3404,210,25.2,266
-5.8875,298,25.02,267
-3.1238,202,24.21,268
-4.0973,247,23.51,269
-2.9442,193,23.46,270
-1.8792,132,23.25,271
-4.0094,242,22.86,272
-5.2757,289,22.72,273
-5.7397,297,22.01,274
-5.1616,286,21.79,275
-3.262,208,21.72,276
-5.1187,284,21.29,277
-4.1275,248,20.71,278
-2.2872,154,20.59,279
-3.36,212,20.56,280
-1.8311,129,16.03,281
-5.5253,293,16.01,282
-5.1489,285,15.94,283
-5.4314,291,15.74,284
-5.735,296,15.52,285
-4.2999,258,14.8,286
-4.4316,261,14.75,287
-7.079,308,14.73,288
-4.6424,271,14.66,289
-4.5865,267,14.58,290
-4.0371,244,14.4,291
-6.2618,301,13.1,292
-6.5678,304,12.82,293
-5.0084,281,12.75,294
-6.6988,306,12.64,295
-5.9651,299,11.31,296
-3.5962,224,10.88,297
-5.712,295,10.32,298
-5.3263,290,10.2,299
-5.0189,282,9.45,300
-3.9155,237,9.42,301
-2.7204,179,9.17,302
-6.1406,300,7.91,303
-6.4272,303,7.9,304
-4.642,270,6.63,305
-4.7389,275,6.6,306
-6.6294,305,6.0,307
-4.4043,260,3.7,308
-9.6145,310,2.38,309
-7.9247,309,0.7,310
