UniProt_ID,Amino_acid_position,Heatmap_Position,Mutation,LCS_Ratio,Type,Protein_length,Normalized_Position
O00571,323,4,Arg/His,0.1003236245954692,Pathogenic,662,0.4879154078549849
P00441,99,5,Glu/Gly,0.2394822006472491,Pathogenic,154,0.6428571428571429
P00441,103,4,Ser/Leu,0.2588996763754045,Pathogenic,154,0.6688311688311688
P00441,108,8,Leu/Val,0.0744336569579288,Pathogenic,154,0.7012987012987013
P00441,143,10,Asn/Lys,0.0970873786407767,Pathogenic,154,0.9285714285714286
P00441,143,10,Asn/Lys,0.0970873786407767,Pathogenic,154,0.9285714285714286
P00441,143,5,Leu/Ser,0.145631067961165,Pathogenic,154,0.9285714285714286
P00441,143,5,Leu/Ser,0.145631067961165,Pathogenic,154,0.9285714285714286
P00558,168,11,Asp/Val,0.1100323624595469,Pathogenic,417,0.4028776978417266
P26358,549,2,Ala/Val,1.0,Pathogenic,1616,0.33972772277227725
P40337,68,10,Ser/Leu,0.1100323624595469,Pathogenic,213,0.3192488262910798
P40337,80,9,Asn/Thr,0.0517799352750809,Pathogenic,213,0.3755868544600939
P40337,80,9,Asn/Thr,0.0517799352750809,Pathogenic,213,0.3755868544600939
P40337,80,9,Asn/Thr,0.0517799352750809,Pathogenic,213,0.3755868544600939
P40337,80,9,Asn/Thr,0.0517799352750809,Pathogenic,213,0.3755868544600939
P40337,80,7,Ser/Ile,0.1100323624595469,Pathogenic,213,0.3755868544600939
P40337,80,7,Ser/Ile,0.1100323624595469,Pathogenic,213,0.3755868544600939
P40337,80,7,Ser/Ile,0.1100323624595469,Pathogenic,213,0.3755868544600939
P40337,80,7,Ser/Ile,0.1100323624595469,Pathogenic,213,0.3755868544600939
P40337,80,5,Arg/Pro,0.2006472491909385,Pathogenic,213,0.3755868544600939
P40337,80,5,Arg/Pro,0.2006472491909385,Pathogenic,213,0.3755868544600939
P40337,80,5,Arg/Pro,0.2006472491909385,Pathogenic,213,0.3755868544600939
P40337,80,5,Arg/Pro,0.2006472491909385,Pathogenic,213,0.3755868544600939
P40337,80,3,Val/Leu,0.1262135922330097,Pathogenic,213,0.3755868544600939
P40337,80,3,Val/Leu,0.1262135922330097,Pathogenic,213,0.3755868544600939
P40337,80,3,Val/Leu,0.1262135922330097,Pathogenic,213,0.3755868544600939
P40337,80,3,Val/Leu,0.1262135922330097,Pathogenic,213,0.3755868544600939
P49711,374,4,Arg/His,0.1650485436893204,Pathogenic,727,0.5144429160935351
P49711,450,9,Arg/Gln,0.058252427184466,Pathogenic,727,0.6189821182943603
P60709,202,3,Arg/Trp,0.1035598705501618,Pathogenic,375,0.5386666666666666
P60953,161,9,Ala/Val,0.0776699029126213,Pathogenic,191,0.8429319371727748
O14578,307,6,Ser/Cys,0.1100323624595469,Benign,2027,0.1514553527380365
P30566,289,2,Tyr/His,1.0,Benign,484,0.5971074380165289
P30566,151,11,Lys/Met,0.174757281553398,Benign,484,0.3119834710743802
P31939,116,7,Thr/Ser,0.1391585760517799,Benign,592,0.19594594594594594
P34897,48,5,Ser/Leu,0.145631067961165,Benign,504,0.09523809523809523
P54819,194,10,His/Asp,0.0809061488673139,Benign,239,0.8117154811715481
P57081,391,8,Arg/Gln,-0.0032362459546925,Benign,412,0.9490291262135923
Q8WTW3,454,8,Glu/Gln,-0.0032362459546925,Benign,980,0.463265306122449
Q96S44,135,13,Thr/Ala,1.0,Benign,253,0.5335968379446641
Q9H211,491,7,Ser/Asn,0.1132686084142394,Benign,546,0.8992673992673993
