Score,Score Rank,Percentile,Percentile Rank,Mutation
5.0385,1,99.83,1,Wild-Type
4.2377,2,99.77,2,Wild-Type
3.5045,4,99.69,3,Wild-Type
3.8172,3,99.21,4,Wild-Type
3.1716,5,95.23,5,Wild-Type
0.841,7,91.61,6,Wild-Type
0.3107,20,91.29,7,Wild-Type
0.2126,23,89.35,8,Wild-Type
0.138,26,89.06,9,Wild-Type
-0.8695,71,88.77,10,Wild-Type
0.8034,8,88.48,11,Wild-Type
0.3175,19,87.59,12,Wild-Type
0.5086,13,86.57,13,Wild-Type
0.0748,28,85.63,14,Wild-Type
0.2607,22,84.83,15,Wild-Type
0.0622,30,83.94,16,Wild-Type
-0.5886,58,83.72,17,Wild-Type
0.3545,18,82.83,18,Wild-Type
0.7117,9,82.2,19,Wild-Type
-0.1991,42,81.84,20,Wild-Type
0.1069,27,81.2,21,Wild-Type
-0.3833,51,81.08,22,Wild-Type
-1.3799,102,80.85,23,Wild-Type
-0.0842,33,80.25,24,Wild-Type
-0.3553,50,80.02,25,Wild-Type
0.5363,12,79.89,26,Wild-Type
0.1649,25,79.4,27,Wild-Type
-0.663,63,78.81,28,Wild-Type
-0.9379,74,78.78,29,Wild-Type
-0.9994,77,78.53,30,Wild-Type
0.4108,16,77.57,31,Wild-Type
-0.4807,53,77.38,32,Wild-Type
-1.3681,101,77.18,33,Wild-Type
-2.5336,149,75.66,34,Wild-Type
-0.1012,34,75.61,35,Wild-Type
0.0672,29,75.6,36,Wild-Type
0.0372,31,75.59,37,Wild-Type
-0.1835,41,75.59,37,Wild-Type
-0.1098,36,74.59,39,Wild-Type
-0.1402,38,74.56,40,Wild-Type
0.3093,21,73.87,41,Wild-Type
-0.2662,48,73.66,42,Wild-Type
-0.4753,52,73.41,43,Wild-Type
-0.5209,55,73.35,44,Wild-Type
-1.0847,88,72.91,45,Wild-Type
-0.7808,65,72.76,46,Wild-Type
-0.8666,70,72.58,47,Wild-Type
-1.3046,97,72.48,48,Wild-Type
-0.8749,72,72.31,49,Wild-Type
-0.2367,45,71.62,50,Wild-Type
-0.2172,44,71.52,51,Wild-Type
-0.7852,66,71.47,52,Wild-Type
-1.0139,79,71.04,53,Wild-Type
-1.2765,96,71.0,54,Wild-Type
-2.3096,133,70.9,55,Wild-Type
-0.6121,60,70.77,56,Wild-Type
-0.6138,61,70.63,57,Wild-Type
-0.5418,56,70.51,58,Wild-Type
-0.2655,47,69.73,59,Wild-Type
0.1654,24,69.67,60,Wild-Type
0.3975,17,69.47,61,Wild-Type
0.5772,11,69.43,62,Wild-Type
-0.5123,54,67.91,63,Wild-Type
-1.0555,85,67.91,63,Wild-Type
-0.7653,64,67.89,65,Wild-Type
0.4826,14,67.88,66,Wild-Type
0.8498,6,67.83,67,Wild-Type
-0.1429,39,67.35,68,Wild-Type
-0.2595,46,67.05,69,Wild-Type
-1.0065,78,66.77,70,Wild-Type
-0.5481,57,66.75,71,Wild-Type
-1.9161,115,66.23,72,Wild-Type
-2.0582,122,65.92,73,Wild-Type
-1.2594,95,65.5,74,Wild-Type
-2.3279,135,65.32,75,Wild-Type
0.4398,15,65.24,76,Wild-Type
-1.2042,92,65.11,77,Wild-Type
-2.9948,178,64.65,78,Wild-Type
-0.6023,59,64.65,78,Wild-Type
-1.3582,100,64.17,80,Wild-Type
-2.3626,139,63.98,81,Wild-Type
-1.8417,113,63.82,82,Wild-Type
-2.243,128,63.76,83,Wild-Type
-0.3151,49,63.73,84,Wild-Type
-2.9944,177,63.39,85,Wild-Type
-1.2313,94,62.93,86,Wild-Type
-1.3499,98,62.26,87,Wild-Type
-2.5898,157,62.26,87,Wild-Type
-2.5422,151,62.03,89,Wild-Type
-0.9089,73,61.99,90,Wild-Type
-1.7638,111,61.73,91,Wild-Type
-2.5299,148,61.71,92,Wild-Type
-1.0296,83,61.51,93,Wild-Type
-0.6613,62,61.29,94,Wild-Type
-0.1184,37,61.19,95,Wild-Type
-1.9894,117,61.03,96,Wild-Type
-0.2049,43,61.01,97,Wild-Type
0.0063,32,60.91,98,Wild-Type
-2.5876,156,60.22,99,Wild-Type
-1.0563,86,60.14,100,Wild-Type
-1.1716,91,60.0,101,Wild-Type
-0.8388,69,59.65,102,Wild-Type
-0.8112,67,59.4,103,Wild-Type
-1.5949,107,59.28,104,Wild-Type
-0.9967,76,59.02,105,Wild-Type
-0.1027,35,58.68,106,Wild-Type
-0.9449,75,58.46,107,Wild-Type
-2.2813,131,57.51,108,Wild-Type
-2.1822,125,57.23,109,Wild-Type
-2.3564,138,57.15,110,Wild-Type
0.5811,10,56.34,111,Wild-Type
-2.8894,170,56.34,111,Wild-Type
-1.3572,99,55.68,113,Wild-Type
-3.0817,182,55.64,114,Wild-Type
-1.0165,81,55.37,115,Wild-Type
-2.7577,162,55.35,116,Wild-Type
-0.8162,68,55.0,117,Wild-Type
-1.0203,82,54.18,118,Wild-Type
-2.9421,175,53.31,119,Wild-Type
-1.7666,112,52.98,120,Wild-Type
-1.0615,87,52.95,121,Wild-Type
-2.0278,118,52.82,122,Wild-Type
-3.0647,181,52.79,123,Wild-Type
-1.9363,116,52.78,124,Wild-Type
-2.0656,123,52.7,125,Wild-Type
-3.1222,185,51.74,126,Wild-Type
-1.6988,110,51.72,127,Wild-Type
-2.3876,140,51.52,128,Wild-Type
-1.1467,90,51.2,129,Wild-Type
-3.0362,180,51.12,130,Wild-Type
-2.0665,124,51.0,131,Wild-Type
-3.2677,194,50.53,132,Wild-Type
-1.6535,109,50.28,133,Wild-Type
-2.2921,132,50.26,134,Wild-Type
-1.4839,104,50.17,135,Wild-Type
-2.3187,134,49.85,136,Wild-Type
-2.6285,160,49.21,137,Wild-Type
-2.3438,136,49.17,138,Wild-Type
-1.2143,93,48.95,139,Wild-Type
-2.0493,120,48.74,140,Wild-Type
-2.0496,121,48.09,141,Wild-Type
-2.7846,163,47.77,142,Wild-Type
-2.2738,130,47.43,143,Wild-Type
-2.6149,159,47.37,144,Wild-Type
-3.3158,195,47.34,145,Wild-Type
-2.5244,147,47.28,146,Wild-Type
-3.8196,219,47.23,147,Wild-Type
-2.996,179,47.02,148,Wild-Type
-2.4527,143,46.86,149,Wild-Type
-2.3523,137,46.74,150,Wild-Type
-2.834,168,46.55,151,Wild-Type
-1.6213,108,46.3,152,Wild-Type
-1.8639,114,45.8,153,Wild-Type
-4.8627,260,45.36,154,Wild-Type
-2.7381,161,44.83,155,Wild-Type
-5.042,269,44.17,156,Wild-Type
-4.2677,233,44.13,157,Wild-Type
-3.1918,189,43.88,158,Wild-Type
-2.254,129,43.79,159,Wild-Type
-3.1293,187,43.53,160,Wild-Type
-3.7296,213,43.36,161,Wild-Type
-2.4566,145,43.03,162,Wild-Type
-2.4548,144,42.97,163,Wild-Type
-4.4706,248,42.97,163,Wild-Type
-3.1785,188,42.57,165,Wild-Type
-5.4689,281,42.53,166,Wild-Type
-2.4302,142,42.3,167,Wild-Type
-2.9337,174,42.24,168,Wild-Type
-4.0807,228,42.2,169,Wild-Type
-3.6822,211,41.86,170,Wild-Type
-1.5435,106,41.21,171,Wild-Type
-1.0547,84,41.04,172,Wild-Type
-3.3562,200,40.82,173,Wild-Type
-4.7613,257,40.55,174,Wild-Type
-4.7525,255,39.96,175,Wild-Type
-3.599,210,39.86,176,Wild-Type
-5.1373,274,39.78,177,Wild-Type
-4.4467,246,39.19,178,Wild-Type
-2.4828,146,38.86,179,Wild-Type
-5.2235,277,38.71,180,Wild-Type
-3.4671,205,38.68,181,Wild-Type
-3.1214,184,38.64,182,Wild-Type
-3.1988,190,38.6,183,Wild-Type
-2.812,166,38.56,184,Wild-Type
-1.4758,103,38.5,185,Wild-Type
-2.8993,173,38.29,186,Wild-Type
-3.3171,196,38.07,187,Wild-Type
-2.5802,153,37.81,188,Wild-Type
-3.3682,201,37.78,189,Wild-Type
-4.0601,225,37.48,190,Wild-Type
-3.5935,209,37.42,191,Wild-Type
-2.8638,169,37.01,192,Wild-Type
-0.1761,40,36.89,193,Wild-Type
-4.0639,226,36.61,194,Wild-Type
-3.1261,186,36.39,195,Wild-Type
-1.0848,89,36.0,196,Wild-Type
-2.2156,126,35.99,197,Wild-Type
-4.9813,264,35.84,198,Wild-Type
-2.2251,127,35.82,199,Wild-Type
-3.8169,218,35.64,200,Wild-Type
-4.36,241,35.22,201,Wild-Type
-6.5144,298,35.19,202,Wild-Type
-4.8561,259,34.85,203,Wild-Type
-2.5585,152,34.74,204,Wild-Type
-2.8088,164,34.7,205,Wild-Type
-1.014,80,34.54,206,Wild-Type
-3.7773,215,34.33,207,Wild-Type
-2.5858,154,34.01,208,Wild-Type
-2.4138,141,33.81,209,Wild-Type
-3.8001,216,33.44,210,Wild-Type
-3.7608,214,32.72,211,Wild-Type
-2.8101,165,32.19,212,Wild-Type
-3.4418,204,32.16,213,Wild-Type
-3.8074,217,31.89,214,Wild-Type
-2.9868,176,31.71,215,Wild-Type
-7.1354,304,31.57,216,Wild-Type
-2.8262,167,31.51,217,Wild-Type
-4.3296,240,31.28,218,Wild-Type
-4.2849,234,31.27,219,Wild-Type
-5.4095,280,31.14,220,Wild-Type
-4.6066,251,31.1,221,Wild-Type
-5.2616,278,30.55,222,Wild-Type
-4.4162,244,30.37,223,Wild-Type
-2.5374,150,29.65,224,Wild-Type
-3.7203,212,28.92,225,Wild-Type
-4.725,252,28.31,226,Wild-Type
-3.0949,183,28.25,227,Wild-Type
-3.3935,202,27.95,228,Wild-Type
-3.3504,198,27.86,229,Wild-Type
-3.2244,192,27.41,230,Wild-Type
-3.3276,197,27.35,231,Wild-Type
-6.2301,295,27.32,232,Wild-Type
-5.1365,273,27.1,233,Wild-Type
-2.8986,172,26.97,234,Wild-Type
-2.8905,171,26.72,235,Wild-Type
-6.0256,291,26.64,236,Wild-Type
-4.2022,232,26.36,237,Wild-Type
-3.2225,191,26.3,238,Wild-Type
-5.0294,268,26.17,239,Wild-Type
-5.0553,270,26.07,240,Wild-Type
-4.757,256,25.96,241,Wild-Type
-4.5227,250,25.82,242,Wild-Type
-3.5089,207,25.28,243,Wild-Type
-5.5869,282,24.7,244,Wild-Type
-4.4228,245,24.13,245,Wild-Type
-5.0136,267,23.87,246,Wild-Type
-5.9128,290,23.63,247,Wild-Type
-5.6792,286,23.62,248,Wild-Type
-3.4275,203,23.57,249,Wild-Type
-3.4896,206,23.56,250,Wild-Type
-3.5309,208,23.39,251,Wild-Type
-2.5917,158,23.25,252,Wild-Type
-6.0398,293,22.7,253,Wild-Type
-3.9708,222,22.56,254,Wild-Type
-4.7435,253,22.39,255,Wild-Type
-1.5171,105,22.22,256,Wild-Type
-3.3552,199,20.42,257,Wild-Type
-4.0643,227,20.41,258,Wild-Type
-5.7724,288,20.39,259,Wild-Type
-4.4839,249,20.3,260,Wild-Type
-6.5954,299,19.32,261,Wild-Type
-5.139,275,18.97,262,Wild-Type
-4.9221,261,18.95,263,Wild-Type
-5.1005,272,18.52,264,Wild-Type
-4.3263,239,18.27,265,Wild-Type
-4.1103,230,18.25,266,Wild-Type
-5.215,276,18.24,267,Wild-Type
-4.9725,263,18.19,268,Wild-Type
-5.3273,279,18.12,269,Wild-Type
-5.5895,283,17.82,270,Wild-Type
-3.2479,193,17.77,271,Wild-Type
-4.4056,243,17.63,272,Wild-Type
-5.7548,287,17.36,273,Wild-Type
-5.0098,266,17.09,274,Wild-Type
-4.0476,224,17.06,275,Wild-Type
-4.1729,231,16.77,276,Wild-Type
-3.9353,221,16.49,277,Wild-Type
-4.7438,254,16.37,278,Wild-Type
-4.9558,262,16.01,279,Wild-Type
-5.6531,285,15.73,280,Wild-Type
-4.1052,229,15.67,281,Wild-Type
-4.4661,247,15.66,282,Wild-Type
-6.2974,296,15.62,283,Wild-Type
-4.2981,236,15.54,284,Wild-Type
-3.828,220,15.49,285,Wild-Type
-7.1204,303,15.03,286,Wild-Type
-4.8361,258,14.7,287,Wild-Type
-4.3068,237,14.62,288,Wild-Type
-4.2919,235,14.62,288,Wild-Type
-7.2803,305,14.33,290,Wild-Type
-6.1072,294,14.32,291,Wild-Type
-6.4305,297,14.31,292,Wild-Type
-6.0347,292,13.26,293,Wild-Type
-5.0666,271,12.35,294,Wild-Type
-4.998,265,12.16,295,Wild-Type
-7.0763,302,11.95,296,Wild-Type
-6.8797,301,11.75,297,Wild-Type
-7.3741,307,11.56,298,Wild-Type
-6.7795,300,11.54,299,Wild-Type
-4.3232,238,11.21,300,Wild-Type
-2.5871,155,10.0,301,Wild-Type
-5.8221,289,9.3,302,Wild-Type
-7.9945,309,8.61,303,Wild-Type
-2.0411,119,8.59,304,Wild-Type
-7.7337,308,8.3,305,Wild-Type
-4.4003,242,7.86,306,Wild-Type
-5.653,284,6.79,307,Wild-Type
-3.9915,223,6.64,308,Wild-Type
-8.2455,310,4.85,309,Wild-Type
-7.2917,306,4.19,310,Wild-Type
